lang,text
ko,teriana Jacobs ëˆ„ë“œ ë° í¬ë¥´ë…¸ ìœ ì¶œ! https://t.co/lrzcXdkCLu
de,"RT @catwiesl: @Ricarda_Lang Warum hofiert ihr dann Islamisten? 
Warum lasst ihr immer mehr von denen in unser Land? 
Warum schiebt ihr Straâ€¦"
en,"RT @fanplus_app: â–
Get 10k VTs, Only for 6 daysğŸŸ
â–

ğŸ§¸#FanPlus April Vote OPEN EventğŸ§¸

â–ªEvent Period : ~23:59, 8 Feb. 2023(KST)
â–ªHow to Partâ€¦"
ja,"@ayami_dayoo æ®‹å¿µãªãŒã‚‰ã¯ãšã‚Œã§ã™â€¦ï¼
å½“ãŸã‚‹ã¾ã§æ¯æ—¥æŒ‘æˆ¦ã§ãã¾ã™ï¼
å½“é¸ã™ã‚‹ã¨ãƒ™ã‚¢ãƒˆãƒªã‚¹ã•ã‚“ãŒç™»å ´ã—ã¾ã™ã€‚

G123ã§äººæ°—ã®
ã‚²ãƒ¼ãƒ ã‚‚éŠã‚“ã§ã¿ã¦ãã ã•ã„ï¼
https://t.co/GFujgWzjym

ä»Šå¾Œã¨ã‚‚â€¦ https://t.co/kEE6xIACIE"
es,"Mi CÃ­rculo de InteracciÃ³n de Twitter

Genera el tuyo en https://t.co/HzyRTx1Vmw

â € https://t.co/RlChlK9RGg"
en,@iHugKodzuken suree !! just pay for the sf na lang ğŸ§¡
es,"Mi San Valentine de Twitter en el 2023 va a ser: @BocaJrsOficial

Encuentra el tuyo(a) en https://t.co/iv0QtYLwDfâ€¦ https://t.co/a96vRwsQFj"
ja,"@poih_g29 æ®‹å¿µãªãŒã‚‰ã¯ãšã‚Œã§ã™â€¦ï¼
å½“ãŸã‚‹ã¾ã§æ¯æ—¥æŒ‘æˆ¦ã§ãã¾ã™ï¼

ã‚ˆã‚ã—ã‘ã‚Œã°ã€
ãƒ¡ãƒ¼ãƒ«ã§ã®äº‹å‰ç™»éŒ²ã‚‚ã‚ˆã‚ã—ããŠé¡˜ã„ã—ã¾ã™ã€‚
https://t.co/HNkYyKvbLx

ä»Šå¾Œã¨ã‚‚
ã€ãƒˆãƒ©ãƒ³ã‚¹ãƒ•ã‚©ãƒ¼ãƒãƒ¼ ãƒ¬ã‚¤ã‚¸ãƒãƒˆâ€¦ https://t.co/XDDfQkLUKR"
ar,RT @KSRelief: Ø®Ø§Ø¯Ù… Ø§Ù„Ø­Ø±Ù…ÙŠÙ† Ø§Ù„Ø´Ø±ÙŠÙÙŠÙ† ÙˆØ³Ù…Ùˆ ÙˆÙ„ÙŠ Ø§Ù„Ø¹Ù‡Ø¯ ÙŠÙˆØ¬Ù‡Ø§Ù† #Ù…Ø±ÙƒØ²_Ø§Ù„Ù…Ù„Ùƒ_Ø³Ù„Ù…Ø§Ù†_Ù„Ù„Ø¥ØºØ§Ø«Ø© Ø¨ØªØ³ÙŠÙŠØ± Ø¬Ø³Ø± Ø¬ÙˆÙŠ ÙˆØªÙ‚Ø¯ÙŠÙ… Ù…Ø³Ø§Ø¹Ø¯Ø§Øª Ù…ØªÙ†ÙˆØ¹Ø© ÙˆØªÙ†Ø¸ÙŠÙ… Ø­Ù…Ù„Ø© Ø´Ø¹Ø¨ÙŠØ©â€¦
de,"@focusonline Das sind halt nicht mehr solche hirnlosen Buckler wie ihre Alten.
Sein ganzes Leben lang sich seine Zeâ€¦ https://t.co/INqzFyCP7x"
en,RT @verakoberart: Roses painting                                                  https://t.co/E8VyH9UMft https://t.co/oAMJrWUNaw
en,"Top U.S. House RepublicanÂ McCarthy wants compromise on debt ceiling, cuts from Biden  Someone needs to tell this Asâ€¦ https://t.co/5RmEvovfr0"
de,"RT @Berivan_Aslan_: Das tÃ¼rk.MenschenrechtsbÃ¼ro wirft wirft der tÃ¼rk.Regierung vor, in den StÃ¤dten Maras (kurdisch/alevitisch besiedelt) unâ€¦"
en,RT @verakoberart: Roses painting                                                  https://t.co/E8VyH9UMft https://t.co/oAMJrWUNaw
tl,"RT @hozi015: 7pm sounds like, â€œTila nakakapagod ang araw na â€˜to, ngunit ayos lang, dahil makikita naman kita mamaya.â€"
ar,RT @KSRelief: Ø®Ø§Ø¯Ù… Ø§Ù„Ø­Ø±Ù…ÙŠÙ† Ø§Ù„Ø´Ø±ÙŠÙÙŠÙ† ÙˆØ³Ù…Ùˆ ÙˆÙ„ÙŠ Ø§Ù„Ø¹Ù‡Ø¯ ÙŠÙˆØ¬Ù‡Ø§Ù† #Ù…Ø±ÙƒØ²_Ø§Ù„Ù…Ù„Ùƒ_Ø³Ù„Ù…Ø§Ù†_Ù„Ù„Ø¥ØºØ§Ø«Ø© Ø¨ØªØ³ÙŠÙŠØ± Ø¬Ø³Ø± Ø¬ÙˆÙŠ ÙˆØªÙ‚Ø¯ÙŠÙ… Ù…Ø³Ø§Ø¹Ø¯Ø§Øª Ù…ØªÙ†ÙˆØ¹Ø© ÙˆØªÙ†Ø¸ÙŠÙ… Ø­Ù…Ù„Ø© Ø´Ø¹Ø¨ÙŠØ©â€¦
en,RT @verakoberart: Roses painting                                                  https://t.co/E8VyH9UMft https://t.co/oAMJrWUNaw
ar,RT @KSRelief: Ø®Ø§Ø¯Ù… Ø§Ù„Ø­Ø±Ù…ÙŠÙ† Ø§Ù„Ø´Ø±ÙŠÙÙŠÙ† ÙˆØ³Ù…Ùˆ ÙˆÙ„ÙŠ Ø§Ù„Ø¹Ù‡Ø¯ ÙŠÙˆØ¬Ù‡Ø§Ù† #Ù…Ø±ÙƒØ²_Ø§Ù„Ù…Ù„Ùƒ_Ø³Ù„Ù…Ø§Ù†_Ù„Ù„Ø¥ØºØ§Ø«Ø© Ø¨ØªØ³ÙŠÙŠØ± Ø¬Ø³Ø± Ø¬ÙˆÙŠ ÙˆØªÙ‚Ø¯ÙŠÙ… Ù…Ø³Ø§Ø¹Ø¯Ø§Øª Ù…ØªÙ†ÙˆØ¹Ø© ÙˆØªÙ†Ø¸ÙŠÙ… Ø­Ù…Ù„Ø© Ø´Ø¹Ø¨ÙŠØ©â€¦
en,RT @tbzswoon: I still have these banners from unsuccessful trades as well as donations. I ordered packing mats na in case you still want naâ€¦
ja,"@gegegenomosuke æ®‹å¿µãªãŒã‚‰ã¯ãšã‚Œã§ã™â€¦ï¼
å½“ãŸã‚‹ã¾ã§æ¯æ—¥æŒ‘æˆ¦ã§ãã¾ã™ï¼
å½“é¸ã™ã‚‹ã¨ãƒ™ã‚¢ãƒˆãƒªã‚¹ã•ã‚“ãŒç™»å ´ã—ã¾ã™ã€‚

G123ã§äººæ°—ã®
ã‚²ãƒ¼ãƒ ã‚‚éŠã‚“ã§ã¿ã¦ãã ã•ã„ï¼
https://t.co/ubU05WTrrz

ä»Šâ€¦ https://t.co/WwEMiija5I"
es,"RT @MuniRiobamba: JÃ³venes en acciÃ³n

Te permitirÃ¡ involucrarte en el mundo de los SIG con el fin de comunicar la importancia del cuidado deâ€¦"
ja,"RT @weverseofficial: [Weverse Magazine] SOOBINã€Œã€ãƒ•ã‚¡ãƒ³ã¨æ­Œæ‰‹ã€ã®é–¢ä¿‚ã ã‹ã‚‰ã“ãç”Ÿã¾ã‚Œã‚‹æ„›ãŒã‚ã‚‹ã¨æ€ã„ã¾ã™ã€
TOMORROW X TOGETHERã€The Name Chapter: TEMPTATIONã€ã‚«ãƒ ãƒãƒƒã‚¯ãƒ»ã‚¤ãƒ³ã‚¿ãƒ“ãƒ¥ãƒ¼â€¦"
tl,RT @_supernine: napa-ğŸ‘€ ako before ng abangan ng darna sksksks sorry tomboy lang
ja,"RT @weverseofficial: [Weverse Magazine] YEONJUNã€Œã™ã¹ã¦ã®ã“ã¨ãŒå½“ãŸã‚Šå‰ã˜ã‚ƒãªã„ã¨ã„ã†ã“ã¨ã‚’å¿˜ã‚Œãšã«ã„ãŸã„ã§ã™ã€
TOMORROW X TOGETHERã€The Name Chapter: TEMPTATIONã€ã‚«ãƒ ãƒãƒƒã‚¯ãƒ»ã‚¤ãƒ³ã‚¿ãƒ“â€¦"
tl,eme lang di ako makatulog dahil sa chismis HHAHAHAHHA
en,"RT @debwriting: I love that Xie Lian basically said, ""San Lang, I've almost committed horrible atrocities. You'd probably want to stay awayâ€¦"
pt,"Meu CÃ­rculo de InteraÃ§Ã£o no Twitter

Gere o seu em https://t.co/8DrsEVDCMY

â € https://t.co/9sjCem5Wce"
ja,"@pnpynk æ®‹å¿µãªãŒã‚‰ã¯ãšã‚Œã§ã™â€¦ï¼
å½“ãŸã‚‹ã¾ã§æ¯æ—¥æŒ‘æˆ¦ã§ãã¾ã™ï¼
å½“é¸ã™ã‚‹ã¨ãƒ™ã‚¢ãƒˆãƒªã‚¹ã•ã‚“ãŒç™»å ´ã—ã¾ã™ã€‚

G123ã§äººæ°—ã®
ã‚²ãƒ¼ãƒ ã‚‚éŠã‚“ã§ã¿ã¦ãã ã•ã„ï¼
https://t.co/cVyrxJ75C3

ä»Šå¾Œã¨ã‚‚ã€G123â€¦ https://t.co/7ayLn9Hp8J"
ja,"@7Au8hbBFcxhJUD0 æ®‹å¿µãªãŒã‚‰ã¯ãšã‚Œã§ã™â€¦ï¼
å½“ãŸã‚‹ã¾ã§æ¯æ—¥æŒ‘æˆ¦ã§ãã¾ã™ï¼

ã‚ˆã‚ã—ã‘ã‚Œã°ã€
ãƒ¡ãƒ¼ãƒ«ã§ã®äº‹å‰ç™»éŒ²ã‚‚ã‚ˆã‚ã—ããŠé¡˜ã„ã—ã¾ã™ã€‚
https://t.co/KMhdry4sYo

ä»Šå¾Œã¨ã‚‚
ã€ãƒˆãƒ©ãƒ³ã‚¹ãƒ•ã‚©ãƒ¼ãƒâ€¦ https://t.co/0o026TKulv"
ja,"@girijin_ ã”å‚åŠ ã‚ã‚ŠãŒã¨ã†ã”ã–ã„ã¾ã™ğŸŒ 
ã‚µã‚¤ãƒ³å…¥ã‚Šã®è³å“å½“é¸è€…ã«ã¯ã€
æœŸé–“çµ‚äº†å¾Œã€åˆ¥é€”DMã‚’ãŠé€ã‚Šã—ã¾ã™ã€‚

ã‚­ãƒ£ãƒ³ãƒšãƒ¼ãƒ³ã¯æœŸé–“ä¸­ã€
å½“ãŸã‚‹ã¾ã§æ¯æ—¥ã”å‚åŠ ã„ãŸã ã‘ã¾ã™ğŸ€

äº‹å‰ç™»éŒ²ã¯ã“ã¡ã‚‰â€¦ https://t.co/XFuYiINMgl"
en,"RT @getFANDOM: 'Lang Vs. #Kang' 

Sounds like Jonathan Majors &amp; Paul Rudd are already pitching sit-com spinoffs at the #AntManAndTheWaspQuaâ€¦"
es,"Mi Familia de Twitter:
Padres: @DjMaRiiO @IbaiLlanos
CÃ³nyuge: @manuelacald_
NiÃ±os: @FCBarcelona_es @nereamaciass_â€¦ https://t.co/VGS4VV2Ywb"
ja,"RT @soowannana: ãƒ“ãƒƒãƒˆãƒ•ãƒ©ã‚¤ãƒ¤ãƒ¼ bitFlyer 

æ‹›å¾…ã‚³ãƒ¼ãƒ‰å…¥åŠ›ã§1âƒ£5ï¸âƒ£0ï¸âƒ£0ï¸âƒ£å††åˆ†ã®ãƒ“ãƒƒãƒˆã‚³ã‚¤ãƒ³ãŒè²°ãˆã‚‹ğŸŒŸ

æ‹›å¾…ã‚³ãƒ¼ãƒ‰: ã€ih00nlixã€‘

âœ…è²°ã„æ–¹

1âƒ£Webåˆã¯ã‚¢ãƒ—ãƒªã‹ã‚‰ç™»éŒ²ã—

âœ¨

2ï¸âƒ£ç´¹ä»‹ã‚³ãƒ¼ãƒ‰:  ih00nlix 

âœ¨â€¦"
tl,Please take me back! Kahit saglit lang!! Gusto ko lang ulit sabayan yung Ang Huling El Bimbo with feelings!!! ğŸ˜­ğŸ’–ğŸ™Œ https://t.co/RZmlbfjHcO
en,RT @shiiqingxuans: I miss san lang's little pout https://t.co/NFyA515btV
de,@Ricarda_Lang @philipplahm @jamila_anna @sven_kindler @max_lucks Europameisterschaft Wettfressen an der DÃ¶nerbude wÃ¤re eher was Frau Lang
en,I faken HATE people showing up to my house uninvited. At homeâ€™s where Iâ€™m at peace and unbothered tapos ma gulpi laâ€¦ https://t.co/IcaPWJW0rg
en,"RT @xavierverse: What if cash giveaway mamaya based on the number of likes on this tweet?

1 like = 1 Philippine Peso

Maximum of 3000 likeâ€¦"
ja,"@BBJGMG æ®‹å¿µãªãŒã‚‰ã¯ãšã‚Œã§ã™â€¦ï¼
å½“ãŸã‚‹ã¾ã§æ¯æ—¥æŒ‘æˆ¦ã§ãã¾ã™ï¼
å½“é¸ã™ã‚‹ã¨ãƒ™ã‚¢ãƒˆãƒªã‚¹ã•ã‚“ãŒç™»å ´ã—ã¾ã™ã€‚

G123ã§äººæ°—ã®
ã‚²ãƒ¼ãƒ ã‚‚éŠã‚“ã§ã¿ã¦ãã ã•ã„ï¼
https://t.co/juKrkIn5Hj

ä»Šå¾Œã¨ã‚‚ã€G123â€¦ https://t.co/B0xfxVpiOZ"
en,"New Orleans Sewerage and Water Board former employees fixed bills for family, themselves, documents show #NewsBreak https://t.co/IlSv5KIlYm"
en,"ğŸ”½ $1,874.10 - Gold/USD Troy Ounce Price on Tuesday 7 February, 2023 06:15 PM UTC https://t.co/hzS9YqgNaW"
pt,"Meu CÃ­rculo de InteraÃ§Ã£o no Twitter

Gere o seu em https://t.co/0tap0lpQfT

â € https://t.co/NZgJfWG2jE"
pt,"Meu CÃ­rculo de InteraÃ§Ã£o no Twitter

Gere o seu em https://t.co/eDHIn99dHp

â € https://t.co/92uWp4Uu1s"
de,"@Chris32752477 @SebastianWaIter @Ricarda_Lang Ach ja, so ein bisschen BÃ¼rgergeld ğŸ‘ğŸ¼ğŸ˜ƒ dafÃ¼r jeden Tag ausschlafenâ€¦ ğŸ˜‚"
ar,RT @KSRelief: Ø®Ø§Ø¯Ù… Ø§Ù„Ø­Ø±Ù…ÙŠÙ† Ø§Ù„Ø´Ø±ÙŠÙÙŠÙ† ÙˆØ³Ù…Ùˆ ÙˆÙ„ÙŠ Ø§Ù„Ø¹Ù‡Ø¯ ÙŠÙˆØ¬Ù‡Ø§Ù† #Ù…Ø±ÙƒØ²_Ø§Ù„Ù…Ù„Ùƒ_Ø³Ù„Ù…Ø§Ù†_Ù„Ù„Ø¥ØºØ§Ø«Ø© Ø¨ØªØ³ÙŠÙŠØ± Ø¬Ø³Ø± Ø¬ÙˆÙŠ ÙˆØªÙ‚Ø¯ÙŠÙ… Ù…Ø³Ø§Ø¹Ø¯Ø§Øª Ù…ØªÙ†ÙˆØ¹Ø© ÙˆØªÙ†Ø¸ÙŠÙ… Ø­Ù…Ù„Ø© Ø´Ø¹Ø¨ÙŠØ©â€¦
ar,RT @KSRelief: Ø®Ø§Ø¯Ù… Ø§Ù„Ø­Ø±Ù…ÙŠÙ† Ø§Ù„Ø´Ø±ÙŠÙÙŠÙ† ÙˆØ³Ù…Ùˆ ÙˆÙ„ÙŠ Ø§Ù„Ø¹Ù‡Ø¯ ÙŠÙˆØ¬Ù‡Ø§Ù† #Ù…Ø±ÙƒØ²_Ø§Ù„Ù…Ù„Ùƒ_Ø³Ù„Ù…Ø§Ù†_Ù„Ù„Ø¥ØºØ§Ø«Ø© Ø¨ØªØ³ÙŠÙŠØ± Ø¬Ø³Ø± Ø¬ÙˆÙŠ ÙˆØªÙ‚Ø¯ÙŠÙ… Ù…Ø³Ø§Ø¹Ø¯Ø§Øª Ù…ØªÙ†ÙˆØ¹Ø© ÙˆØªÙ†Ø¸ÙŠÙ… Ø­Ù…Ù„Ø© Ø´Ø¹Ø¨ÙŠØ©â€¦
pt,"Meu CÃ­rculo de InteraÃ§Ã£o no Twitter

Gere o seu em https://t.co/3IXjUUaZXo

â € https://t.co/hDv3UjPkV4"
ar,RT @KSRelief: Ø®Ø§Ø¯Ù… Ø§Ù„Ø­Ø±Ù…ÙŠÙ† Ø§Ù„Ø´Ø±ÙŠÙÙŠÙ† ÙˆØ³Ù…Ùˆ ÙˆÙ„ÙŠ Ø§Ù„Ø¹Ù‡Ø¯ ÙŠÙˆØ¬Ù‡Ø§Ù† #Ù…Ø±ÙƒØ²_Ø§Ù„Ù…Ù„Ùƒ_Ø³Ù„Ù…Ø§Ù†_Ù„Ù„Ø¥ØºØ§Ø«Ø© Ø¨ØªØ³ÙŠÙŠØ± Ø¬Ø³Ø± Ø¬ÙˆÙŠ ÙˆØªÙ‚Ø¯ÙŠÙ… Ù…Ø³Ø§Ø¹Ø¯Ø§Øª Ù…ØªÙ†ÙˆØ¹Ø© ÙˆØªÙ†Ø¸ÙŠÙ… Ø­Ù…Ù„Ø© Ø´Ø¹Ø¨ÙŠØ©â€¦
th,"RT @iQIYI_Thailand: âœ¨à¸§à¸±à¸™à¹€à¸ªà¸²à¸£à¹Œà¸—à¸µà¹ˆ 18 à¸à¸¸à¸¡à¸ à¸²à¸à¸±à¸™à¸˜à¹Œà¸™à¸µà¹‰ à¹€à¸•à¸£à¸µà¸¢à¸¡à¸à¸šà¸à¸±à¸š #à¸­à¸¢à¹ˆà¸²à¹€à¸¥à¹ˆà¸™à¸à¸±à¸šà¸­à¸™à¸¥ | #BedFriendSeries
.
#à¸­à¸¢à¹ˆà¸²à¹€à¸¥à¹ˆà¸™à¸à¸±à¸šà¸­à¸™à¸¥ à¸”à¸¹à¸­à¸­à¸™à¹„à¸¥à¸™à¹Œà¹€à¸§à¸­à¸£à¹Œà¸Šà¸±à¸™ UNCUTâ€¦"
pt,"RT @Youngavengerbr: ğŸš¨ O CROSSOVER!
As atrizes KATHRYN NEWTON (Cassie Lang), XOCHITL GOMEZ (America Chavez) e DOMINIQUE THORNE (Riri Williamâ€¦"
en,"RT @LT_Misc: 'We're Losing': Dutch Police Shoot 16-Year-Old Fleeing Scene of Protests Against Mass Farmland Seizure, Impending Famine #Newsâ€¦"
de,@Meckel94715645 @Widerst44346741 @AnneWillTalk @Ricarda_Lang @annewill Es geht nicht ums Zuschauen oderâ€¦ https://t.co/3dmmk5dJfj
en,"#OPSproofs

Hi @Nayeonieee19 thank you so much poooo for accomodating meee to print the wonki banners huhu kahit ruâ€¦ https://t.co/bs9J35YDSF"
ja,"@natubesea ã”å‚åŠ ã‚ã‚ŠãŒã¨ã†ã”ã–ã„ã¾ã™ğŸŒ 
ã‚µã‚¤ãƒ³å…¥ã‚Šã®è³å“å½“é¸è€…ã«ã¯ã€
æœŸé–“çµ‚äº†å¾Œã€åˆ¥é€”DMã‚’ãŠé€ã‚Šã—ã¾ã™ã€‚

ã‚­ãƒ£ãƒ³ãƒšãƒ¼ãƒ³ã¯æœŸé–“ä¸­ã€
å½“ãŸã‚‹ã¾ã§æ¯æ—¥ã”å‚åŠ ã„ãŸã ã‘ã¾ã™ğŸ€

äº‹å‰ç™»éŒ²ã¯ã“ã¡ã‚‰â€¦ https://t.co/ofY36es2XQ"
de,"@Storch_i @Ricarda_Lang Das Dienstwagen""priveg"" ist weder ein Privileg noch eine Subvention. StÃ¤ndiges Wiederholenâ€¦ https://t.co/URXmXybOft"
ja,"@Kouraku0315 æ®‹å¿µãªãŒã‚‰ã¯ãšã‚Œã§ã™â€¦ï¼
å½“ãŸã‚‹ã¾ã§æ¯æ—¥æŒ‘æˆ¦ã§ãã¾ã™ï¼

ã‚ˆã‚ã—ã‘ã‚Œã°ã€
ãƒ¡ãƒ¼ãƒ«ã§ã®äº‹å‰ç™»éŒ²ã‚‚ã‚ˆã‚ã—ããŠé¡˜ã„ã—ã¾ã™ã€‚
https://t.co/Q1SO2upqt9

ä»Šå¾Œã¨ã‚‚
ã€ãƒˆãƒ©ãƒ³ã‚¹ãƒ•ã‚©ãƒ¼ãƒãƒ¼ ãƒ¬ã‚¤â€¦ https://t.co/BcaoLFEmnm"
nl,RT @LammertvanRaan: Hoera! Europese Commissie wil uit fossiele Energy Charter stappen. Grote overwinning voor het klimaat waar @PartijvdDieâ€¦
es,"Mi Familia de Twitter:
Padres: @milyy_s_ @brunoosuarezzz
CÃ³nyuge: @nicob4rros
NiÃ±os: @luubaarrios @15Morebelu

viaâ€¦ https://t.co/EaoF8sX2LH"
ja,"@Dannachan_1937 ã”å‚åŠ ã‚ã‚ŠãŒã¨ã†ã”ã–ã„ã¾ã™ğŸŒ 
ã‚µã‚¤ãƒ³å…¥ã‚Šã®è³å“å½“é¸è€…ã«ã¯ã€
æœŸé–“çµ‚äº†å¾Œã€åˆ¥é€”DMã‚’ãŠé€ã‚Šã—ã¾ã™ã€‚

ã‚­ãƒ£ãƒ³ãƒšãƒ¼ãƒ³ã¯æœŸé–“ä¸­ã€
å½“ãŸã‚‹ã¾ã§æ¯æ—¥ã”å‚åŠ ã„ãŸã ã‘ã¾ã™ğŸ€

äº‹å‰ç™»éŒ²ã¯ã“ã¡ã‚‰â€¦ https://t.co/DTcEP7AEk2"
ru,RT @apiontkovsky: ĞœĞ¾Ğ»Ğ¾Ğ´ĞµÑ† ĞĞ»Ğ¸Ğ½Ğ°! ĞĞ½Ğ° ÑƒĞ¹Ğ´Ñ‘Ñ‚ Ñ Ñ„ÑÑ€ĞµÑ€Ğ¾Ğ¼ ĞºĞ°Ğº Ğ•Ğ²Ğ°. Ğ Ñ Ğ´ĞµÑ‚Ğ¸ÑˆĞºĞ°Ğ¼Ğ¸ Ğ¸Ñ…Ğ½Ğ¸Ğ¼Ğ¸ Ğ¿Ğ¾ÑÑ‚ÑƒĞ¿Ğ¸Ñ‚ ĞºĞ°Ğº ĞœĞ°Ğ³Ğ´Ğ°. https://t.co/3eJksBDUS6
th,RT @MBeternal_: à¹„à¸›à¹€à¸à¸´à¹ˆà¸¡à¸„à¸°à¹à¸™à¸™à¸„à¸§à¸²à¸¡à¸™à¸´à¸¢à¸¡à¹ƒà¸«à¹‰à¸™à¹‰à¸­à¸‡à¹à¸šà¸¡à¸à¸±à¸™ à¹ƒà¸„à¸£à¸§à¹ˆà¸²à¸‡à¹„à¸›à¹€à¸¥à¹ˆà¸™à¸à¸±à¸™à¹„à¸”à¹‰ à¸¡à¸µà¸„à¸°à¹à¸™à¸™à¹€à¸Šà¹‡à¸„à¸­à¸´à¸™à¸›à¸£à¸°à¸ˆà¸³à¸§à¸±à¸™ à¸„à¸°à¹à¸™à¸™à¸ªà¹ˆà¸‡à¸‚à¸­à¸‡à¸‚à¸§à¸±à¸ à¸–à¹‰à¸²à¸–à¸¶à¸‡ 20 à¸„à¸°à¹à¸™à¸™ à¹€à¸£à¸²à¸ˆà¸°à¹„à¸”à¹‰à¸¥à¸¸à¹‰à¸™à¸£à¸²â€¦
en,"ğŸ”½ $1,874.02 - Gold/USD Troy Ounce Price on Tuesday 7 February, 2023 05:29 PM UTC https://t.co/J7tZ3qQ2Nd"
th,"RT @iQIYI_Thailand: âœ¨à¸§à¸±à¸™à¹€à¸ªà¸²à¸£à¹Œà¸—à¸µà¹ˆ 18 à¸à¸¸à¸¡à¸ à¸²à¸à¸±à¸™à¸˜à¹Œà¸™à¸µà¹‰ à¹€à¸•à¸£à¸µà¸¢à¸¡à¸à¸šà¸à¸±à¸š #à¸­à¸¢à¹ˆà¸²à¹€à¸¥à¹ˆà¸™à¸à¸±à¸šà¸­à¸™à¸¥ | #BedFriendSeries
.
#à¸­à¸¢à¹ˆà¸²à¹€à¸¥à¹ˆà¸™à¸à¸±à¸šà¸­à¸™à¸¥ à¸”à¸¹à¸­à¸­à¸™à¹„à¸¥à¸™à¹Œà¹€à¸§à¸­à¸£à¹Œà¸Šà¸±à¸™ UNCUTâ€¦"
ja,"@ATDX æ®‹å¿µãªãŒã‚‰ã¯ãšã‚Œã§ã™â€¦ï¼
å½“ãŸã‚‹ã¾ã§æ¯æ—¥æŒ‘æˆ¦ã§ãã¾ã™ï¼
å½“é¸ã™ã‚‹ã¨ãƒ™ã‚¢ãƒˆãƒªã‚¹ã•ã‚“ãŒç™»å ´ã—ã¾ã™ã€‚

G123ã§äººæ°—ã®
ã‚²ãƒ¼ãƒ ã‚‚éŠã‚“ã§ã¿ã¦ãã ã•ã„ï¼
https://t.co/0p5tj6ATif

ä»Šå¾Œã¨ã‚‚ã€G123ã€â€¦ https://t.co/SBLPRRFIJi"
th,"à¸§à¸‡à¸à¸¥à¸¡à¸›à¸à¸´à¸ªà¸±à¸¡à¸à¸±à¸™à¸˜à¹Œà¸—à¸§à¸´à¸•à¹€à¸•à¸­à¸£à¹Œà¸‚à¸­à¸‡à¸‰à¸±à¸™

à¸ªà¸£à¹‰à¸²à¸‡à¸‚à¸­à¸‡à¸„à¸¸à¸“à¸—à¸µà¹ˆ https://t.co/wC41dOZ8Db

â € https://t.co/DBxICq6NxE"
tl,"RT @WarnerMusicPH: Iyak na lang po. Daming sumusuporta kay amo ğŸ¥¹ğŸ«¶ğŸ»ğŸ”¥ğŸ¥

@felipsuperior #FELIP_COMPLEX
#FELIPAtAyalaMallsManilaBay 

ğŸ“¸: @Ayalaâ€¦"
en,"RT @weverseofficial: [Weverse Magazine] YEONJUN: â€œI never want to forget that I canâ€™t take anything for grantedâ€
TOMORROW X TOGETHER The Naâ€¦"
de,"RT @drumheadberlin: Ricarda Lang spricht bei @annewill von â€achtspurigen und zehnspurigen Autobahnenâ€œ Ã¤hm, wo bitte? In welchem Land?"
tl,RT @Bb_menita: wait lang po ğŸ˜ƒ https://t.co/vUzMwfIXX9
tl,Tigil nyo na yan beh niloloko nyo lang sarili nyo.
ru,"Ğ¡ĞµĞ¼ÑŒÑ ĞœĞ¾ĞµĞ³Ğ¾ Ğ¢Ğ²Ğ¸Ñ‚Ñ‚ĞµÑ€Ğ°:
Ğ Ğ¾Ğ´Ğ¸Ñ‚ĞµĞ»Ğ¸: @jksoulianaaa @notvulymra
CÑƒĞ¿Ñ€ÑƒĞ³: @mmmmmmmmmeww
Ğ”ĞµÑ‚Ğ¸: @LeraOppa_ @hutdsei

viaâ€¦ https://t.co/F1S3C4S70i"
ja,"ã€BitFlyer(ãƒ“ãƒƒãƒˆãƒ•ãƒ©ã‚¤ãƒ¤ãƒ¼)ã€‘

BitFlyerã®å£åº§é–‹è¨­ï¼‹æ‹›å¾…ã‚³ãƒ¼ãƒ‰ã®å…¥åŠ›ã§ 1,500 å††åˆ†ã®ãƒ“ãƒƒãƒˆã‚³ã‚¤ãƒ³ãŒè²°ãˆã¾ã™ğŸ

â–¶ï¸æ‹›å¾…URL
https://t.co/I3ApBQNJyq
â–¶ï¸æ‹›å¾…ã‚³ãƒ¼ãƒ‰
ã€  rq5â€¦ https://t.co/CUrVJhpH0O"
ko,ìœ í–‰ì¸ ê±° ê°™ì•„ì„œ ì¹œì¶”í•˜ì‹¤ ë¶„ êµ¬í•´ìš”!! https://t.co/vjOLmu76Tr
en,"RT @february14rose: TODAY IS MONDAY 
(06 FEBRUARY 2023)

Good morning Lord. Good morning/aftie/eve to all my fellow TBADN and SENIORS arounâ€¦"
de,@Ricarda_Lang Da ist unser Umgang mit solchen Leuten in Deutschland natÃ¼rlich sehr hilfreich.
en,Moodyâ€™s notes that the surge in Brazilâ€™s household debt burden will prolong asset risk pressures beyond 2023.  ğŸ‘‰ Reâ€¦ https://t.co/eq00gqedR2
en,@qwertyloon Hello I have Life and Works of Rizal dm me lang.
en,"RT @AnneOAlbert: What's my new book about?
Early modern Jews seeking to understand their Jewish community through the lens of European poliâ€¦"
en,"Can you connect with communities through digital storytelling? 

Are you confident in engaging and leading social mâ€¦ https://t.co/Ls9gWRlSMk"
ja,"@takasucha12 æ®‹å¿µãªãŒã‚‰ã¯ãšã‚Œã§ã™â€¦ï¼
å½“ãŸã‚‹ã¾ã§æ¯æ—¥æŒ‘æˆ¦ã§ãã¾ã™ï¼

ã‚ˆã‚ã—ã‘ã‚Œã°ã€
ãƒ¡ãƒ¼ãƒ«ã§ã®äº‹å‰ç™»éŒ²ã‚‚ã‚ˆã‚ã—ããŠé¡˜ã„ã—ã¾ã™ã€‚
https://t.co/gAybSTgTSD

ä»Šå¾Œã¨ã‚‚
ã€ãƒˆãƒ©ãƒ³ã‚¹ãƒ•ã‚©ãƒ¼ãƒãƒ¼ ãƒ¬ã‚¤â€¦ https://t.co/gU65CBY8kG"
ar,RT @KSRelief: Ø®Ø§Ø¯Ù… Ø§Ù„Ø­Ø±Ù…ÙŠÙ† Ø§Ù„Ø´Ø±ÙŠÙÙŠÙ† ÙˆØ³Ù…Ùˆ ÙˆÙ„ÙŠ Ø§Ù„Ø¹Ù‡Ø¯ ÙŠÙˆØ¬Ù‡Ø§Ù† #Ù…Ø±ÙƒØ²_Ø§Ù„Ù…Ù„Ùƒ_Ø³Ù„Ù…Ø§Ù†_Ù„Ù„Ø¥ØºØ§Ø«Ø© Ø¨ØªØ³ÙŠÙŠØ± Ø¬Ø³Ø± Ø¬ÙˆÙŠ ÙˆØªÙ‚Ø¯ÙŠÙ… Ù…Ø³Ø§Ø¹Ø¯Ø§Øª Ù…ØªÙ†ÙˆØ¹Ø© ÙˆØªÙ†Ø¸ÙŠÙ… Ø­Ù…Ù„Ø© Ø´Ø¹Ø¨ÙŠØ©â€¦
ko,"RT @weverseofficial: [ìœ„ë²„ìŠ¤ ë§¤ê±°ì§„] ìˆ˜ë¹ˆ â€œâ€˜íŒ¬ê³¼ ê°€ìˆ˜ì˜ ê´€ê³„â€™ì—ì„œë§Œ ë‚˜ì˜¤ëŠ” ì‚¬ë‘ì´ ìˆë‹¤ê³  ìƒê°í•´ìš”â€
íˆ¬ëª¨ë¡œìš°ë°”ì´íˆ¬ê²Œë” â€˜ì´ë¦„ì˜ ì¥: TEMPTATIONâ€™ ì»´ë°± ì¸í„°ë·°

ë” ìì„¸í•œ ë‚´ìš©ì€ #ìœ„ë²„ìŠ¤ë§¤ê±°ì§„ ì—ì„œ í™•ì¸í•˜ì„¸ìš”! 

KORâ€¦"
ar,RT @AljoufSA: ğŸ“¸ || ØªØªÙ…ØªØ¹ #Ù…Ù†Ø·Ù‚Ø©_Ø§Ù„Ø¬ÙˆÙ Ø¨Ø£Ø¬ÙˆØ§Ø¡ Ø³Ø§Ø­Ø±Ø© ÙˆÙ…Ù†Ø§Ø¸Ø± Ø·Ø¨ÙŠØ¹ÙŠØ©ØŒ ÙÙŠ Ø®Ø¶Ø±Ø© Ø§Ù„Ø±Ø¨ÙŠØ¹ Ø§Ù„ØªÙŠ ØªÙƒØ³Ùˆ Ø§Ù„Ø£Ø±Ø¶ Ø¬Ù…Ø§Ù„Ø§Ù‹ ÙˆØ£Ø¹Ø¬ÙˆØ¨Ø© Ø§Ù„Ø£Ø¨Ù„ØŒ ØªØ²Ø§Ù…Ù†Ø§Ù‹ Ù…Ø¹ #Ù…Ù‡Ø±Ø¬Ø§Ù†_Ù…â€¦
ar,"ğŸ”½ $1,874.02 - Ø³Ø¹Ø± Ø£ÙˆÙ‚ÙŠØ© Ø§Ù„Ø°Ù‡Ø¨ Ù…Ù‚Ø§Ø¨Ù„ Ø§Ù„Ø¯ÙˆÙ„Ø§Ø± ÙÙŠ Tuesday 7 February, 2023 05:29 PM Ø¨Ø­Ø³Ø¨ Ø§Ù„ØªÙˆÙ‚ÙŠØª Ø§Ù„Ø¹Ø§Ù„Ù…ÙŠ https://t.co/YE9FmwfU9D"
es,"Mi CÃ­rculo de InteracciÃ³n de Twitter

Genera el tuyo en https://t.co/mWoKtpahuD

â € https://t.co/RGmONwnw8w"
de,"RT @real_legende: @Ricarda_Lang Ohâ€¦das kÃ¶nnen sie jeden Tag machen. In jeder FuÃŸgÃ¤ngerzone, jedem Bahnhof, jeder Schule dieser Republik. Unâ€¦"
ja,"@matuurayuu æ®‹å¿µãªãŒã‚‰ã¯ãšã‚Œã§ã™â€¦ï¼
å½“ãŸã‚‹ã¾ã§æ¯æ—¥æŒ‘æˆ¦ã§ãã¾ã™ï¼
å½“é¸ã™ã‚‹ã¨ãƒ™ã‚¢ãƒˆãƒªã‚¹ã•ã‚“ãŒç™»å ´ã—ã¾ã™ã€‚

G123ã§äººæ°—ã®
ã‚²ãƒ¼ãƒ ã‚‚éŠã‚“ã§ã¿ã¦ãã ã•ã„ï¼
https://t.co/ko3K8slD4C

ä»Šå¾Œã¨ã‚‚ã€â€¦ https://t.co/NNbMsCcqLS"
en,"RT @zeybaiwin: Really love their friendship in gameboys. Especially Mayora, she's always there for caireel to advised and support them in eâ€¦"
ja,"@mctsuihou ã”å‚åŠ ã‚ã‚ŠãŒã¨ã†ã”ã–ã„ã¾ã™ğŸŒ 
ã‚µã‚¤ãƒ³å…¥ã‚Šã®è³å“å½“é¸è€…ã«ã¯ã€
æœŸé–“çµ‚äº†å¾Œã€åˆ¥é€”DMã‚’ãŠé€ã‚Šã—ã¾ã™ã€‚

ã‚­ãƒ£ãƒ³ãƒšãƒ¼ãƒ³ã¯æœŸé–“ä¸­ã€
å½“ãŸã‚‹ã¾ã§æ¯æ—¥ã”å‚åŠ ã„ãŸã ã‘ã¾ã™ğŸ€

äº‹å‰ç™»éŒ²ã¯ã“ã¡ã‚‰â€¦ https://t.co/XtxY1MVnLU"
ja,"@mamakensyou777 æ®‹å¿µãªãŒã‚‰ã¯ãšã‚Œã§ã™â€¦ï¼
å½“ãŸã‚‹ã¾ã§æ¯æ—¥æŒ‘æˆ¦ã§ãã¾ã™ï¼

ã‚ˆã‚ã—ã‘ã‚Œã°ã€
ãƒ¡ãƒ¼ãƒ«ã§ã®äº‹å‰ç™»éŒ²ã‚‚ã‚ˆã‚ã—ããŠé¡˜ã„ã—ã¾ã™ã€‚
https://t.co/fKcMjT6suE

ä»Šå¾Œã¨ã‚‚
ã€ãƒˆãƒ©ãƒ³ã‚¹ãƒ•ã‚©ãƒ¼ãƒãƒ¼â€¦ https://t.co/kNdWu2Bscr"
ja,"@takasucha12 æ®‹å¿µãªãŒã‚‰ã¯ãšã‚Œã§ã™â€¦

å½“ãŸã‚‹ã¾ã§æ¯æ—¥æŒ‘æˆ¦ãŒå¯èƒ½ãªã®ã§ã€
æ¯æ—¥ã‚¦ã‚£ã‚¯ãƒãƒ«Twitterã‚’ãƒã‚§ãƒƒã‚¯ï¼

ã‚ˆã‚ã—ã‘ã‚Œã°ã€ã‚¦ã‚£ã‚¯ãƒãƒ«ã‚‚ã“ã¡ã‚‰ã‹ã‚‰éŠã‚“ã§ã¿ã¦ãã ã•ã„ã€‚â€¦ https://t.co/EPE4ENPxZR"
pt,"Meu CÃ­rculo de InteraÃ§Ã£o no Twitter

Gere o seu em https://t.co/CNphCZmOZ6

â € https://t.co/yZ7QtBy8pu"
ko,"RT @3ccontt: í•œë‚˜ë‘ ëª…í—Œì´(+í˜„ì² ) 
ë‹¤ ëŒ€í•™ë“¤ì–´ê°€ê³  ë‚œ í›„ì— ~ ëŒ€í•™ì´ë€ .. ëª¨ë“  ìºë¦­í„°ë“¤ì´ ì„ì¼ìˆ˜ìˆë‹¤ëŠ” ì¥ì ì´ ìˆëŠ”ê²ƒ ê°™ì•„ ,,, 
í˜„ì² ì“°ë‘ í•œë‚˜ë‘ ê°™ëŒ€í•™ì´ë©´ ì¢‹ê² ë‹¤ ã…‹ã…‹ã…‹ ì¬ë°Œì„ë“¯ ,, https://t.co/z5xOkb66UI"
nl,"RT @Miss_Royal73: Ondertussen in hartje Europa, #Berlijn: Grote groep mannen die als militairen door de straten lopen en ""Allahu akbar"" schâ€¦"
en,Are you looking for a career that will make a difference in the lives of our community?  The Autism Clinic at Hopeâ€¦ https://t.co/T265jmvTbq
ar,RT @KSRelief: Ø®Ø§Ø¯Ù… Ø§Ù„Ø­Ø±Ù…ÙŠÙ† Ø§Ù„Ø´Ø±ÙŠÙÙŠÙ† ÙˆØ³Ù…Ùˆ ÙˆÙ„ÙŠ Ø§Ù„Ø¹Ù‡Ø¯ ÙŠÙˆØ¬Ù‡Ø§Ù† #Ù…Ø±ÙƒØ²_Ø§Ù„Ù…Ù„Ùƒ_Ø³Ù„Ù…Ø§Ù†_Ù„Ù„Ø¥ØºØ§Ø«Ø© Ø¨ØªØ³ÙŠÙŠØ± Ø¬Ø³Ø± Ø¬ÙˆÙŠ ÙˆØªÙ‚Ø¯ÙŠÙ… Ù…Ø³Ø§Ø¹Ø¯Ø§Øª Ù…ØªÙ†ÙˆØ¹Ø© ÙˆØªÙ†Ø¸ÙŠÙ… Ø­Ù…Ù„Ø© Ø´Ø¹Ø¨ÙŠØ©â€¦
ja,"@A26Kbr æ®‹å¿µãªãŒã‚‰ã¯ãšã‚Œã§ã™â€¦ï¼
å½“ãŸã‚‹ã¾ã§æ¯æ—¥æŒ‘æˆ¦ã§ãã¾ã™ï¼
å½“é¸ã™ã‚‹ã¨ãƒ™ã‚¢ãƒˆãƒªã‚¹ã•ã‚“ãŒç™»å ´ã—ã¾ã™ã€‚

G123ã§äººæ°—ã®
ã‚²ãƒ¼ãƒ ã‚‚éŠã‚“ã§ã¿ã¦ãã ã•ã„ï¼
https://t.co/ukcIQ21RX2

ä»Šå¾Œã¨ã‚‚ã€G123â€¦ https://t.co/3ncT5FRJeh"
en,RT @CoveMonkey: Are you looking for a career that will make a difference in the lives of our community?  The Autism Clinic at Hope has an iâ€¦
de,"@Ricarda_Lang Ist Ihr Account gekapert worden? Sehr gut, immer nur gegen Rechtsextremismus lÃ¤sst die RealitÃ¤t etwasâ€¦ https://t.co/0bgWZMz4JQ"
en,Kendrick's pg LAng hat was fire.
